name,company_name,salary,city,work_years,education,desc
name,company_name,salary,city,work_years,education,desc
name,company_name,salary,city,work_years,education,desc
name,company_name,salary,city,work_years,education,desc
name,company_name,salary,city,work_years,education,desc
,百度,25-50K·15薪,上海,3-5年,本科,"百度运维部
负责百度内部管理平台的开发，包括资源管理平台，发布平台，容量管理平台，GPU 管理平台等。
要求：
1. 熟练掌握 python
2. 快速学习能力
3. 有大规模 PaaS 使用经验者优先
工作地点可选择上海或者北京"
name,company_name,salary,city,work_years,education,desc
,启迪桑德,12-20K,北京,1-3年,本科,"Python研发工程师
计算机、自动化、电子相关专业，1～3年Python专业
根据其他部门提供的数据、业绩指标，完成焚烧发电和机械设备的数据建模和机器学习。要求精通Python及其Numpy、Pandas等算法框架。熟悉C/C++。
熟悉机器学习研发流程，对常用的机器学习算法、特征工程有较深理解。（聚类、分类、逻辑回归等）
对循环神经网络、卷积神经网络有较深理解。熟练使用TnesorFlow等开源框架。"
name,company_name,salary,city,work_years,education,desc
,启迪桑德,12-20K,北京,1-3年,本科,"Python研发工程师
计算机、自动化、电子相关专业，1～3年Python专业
根据其他部门提供的数据、业绩指标，完成焚烧发电和机械设备的数据建模和机器学习。要求精通Python及其Numpy、Pandas等算法框架。熟悉C/C++。
熟悉机器学习研发流程，对常用的机器学习算法、特征工程有较深理解。（聚类、分类、逻辑回归等）
对循环神经网络、卷积神经网络有较深理解。熟练使用TnesorFlow等开源框架。"
,小米,20-40K·14薪,北京,3-5年,本科,"1、参与服务端功能开发和维护；
2、参与服务端开发流程优化，提高服务质量；
3、参与数据平台相关工作，用数据衡量产品并驱动产品演进；
4、与团队成员密切协作完成任务，共同成长。
我们希望你：
1、精通Jave或Python，至少精通一种web框架；
2、熟练使用MySQL,Redis，Kafka等工具，有一定调优经验；
3、熟悉网络协议，熟悉Linux环境；
4、有高性能高可用后端系统经验者优先；
5、具有良好的沟通协调能力和团队合作意识，能够主动总结和分享自己的开发经验。"
,奇虎360,20-40K,北京,3-5年,本科,"工作职责：										
1、负责本地安全大脑分析云项目及相关安全产品的系统设计及后台研发
	
2、主要实现语言为Python/PHP/Golang										
任职要求：										
1、本科及以上学历，计算机、通信等相关专业										
2、3年以上Web编程及后端开发经验，有良好的数据结构和算法基础										
3、熟悉Mysql 、Memcache、Redis、消息队列等常用WEB组件									
4、对分布式、高可用、高并发，海量数据处理设计及开发有一定实践经验；										
5、熟悉linux系统，熟练使用git代码管理工具
6、有安全产品开发经验优先
									
7、积极乐观，责任心强，工作认真细致，具有良好的团队沟通与协作能力，有较强的学习能力"
name,company_name,salary,city,work_years,education,desc
,百度,25-50K·15薪,上海,3-5年,本科,"百度运维部
负责百度内部管理平台的开发，包括资源管理平台，发布平台，容量管理平台，GPU 管理平台等。
要求：
1. 熟练掌握 python
2. 快速学习能力
3. 有大规模 PaaS 使用经验者优先
工作地点可选择上海或者北京"
