{"author": "义行天下7", "content": "出差一月回家，想着好久没见的儿子，匆忙中也没带点啥礼物给他，小家伙“爸爸”喊的那么甜，到时候兜里掏不出啥吃的，脸上多没光啊！于是到了老家县城里，我提前打了个电话问儿子:想要什么尽管说，老爸等下给你带回去！儿子:爸爸我想 死 你了，你给我买个包包就好！我:这个没问题呀！听到儿子想要书包，这还不好说，我直奔文具店花了200多买了个带拉杆的书包！信心满满的回家了，一进家门，我就把新书包给儿子了，儿子开心的说:好爸爸，就知道你最疼我了，我要一个包包，你一下给我买一书包“包包”呀，这我可吃不完啊\n…\n\n\n查看全文"}
{"author": "夏有凉风秋望月", "content": "如果你有个直男男友，你会怎么办？昨天让男友下班回家带个面包，这二愣子，居然买的是姨妈巾，回家还质问我为啥自己不能买吗？他一个大男人不好意思的！问我这个月是不是又提前了！我其实就是想让他带个可以当早餐的面包！如果不是他做饭还蛮好吃的，我真想一脚踢了他！谁让我吃惯了他做的饭呢！这次该不该原谅他呢？糗友们给个意见呗！"}
{"author": "义行天下7", "content": "老婆过生日！我买了一个大蛋糕，准备献上一段刚学的鬼步 舞为其庆生，我选择了最近比较流行的劲爆舞曲，跳了起来……没几分钟，老婆抓起蛋糕朝我砸了过来，骂我:你这哪里是给我庆生？这音乐明明是黑 人抬 棺用的音乐！特么给我祭 祀呢？卧槽，谁规定这音乐难道跳舞就不能用了？"}
{"author": "千丝雨ベ万人迷", "content": "小时候羡慕大口喝酒大口吃肉的豪爽汉子。一次喝多了，看着仰头灌了一杯又一杯的男友说到，你离我心目的男神就差十斤牛肉了!男友:那么多肉我可吃不进去，要不把我外甥也收了吧，他拿起鸡腿，肘子，几分钟就啃完了!我小声的问:你俩都当我男朋友吗？"}
{"author": "山鹰寂寞飞", "content": "第一章：离奇的旅行　　绿树掩映的汇山高级中学，校园内热气逼人，蝉噪声此起彼伏。这种天气，本该是莘莘学子昏昏欲睡的时候，但是今天，却没有一个人精神萎靡，个个打了鸡血一样，因为，学校要放暑假了。　　高二（3）班的林子（原名叫林大志，同学都叫他林子），也同样兴奋不已，不仅是因为疲惫了一个学期马上就可以放松，更多的是可以去外地和务工的父母团聚。老师冗长的暑假致辞结束后，他兴奋的和几个死党打打闹闹着走出校园。　　大家相约去小饭馆不醉不休。虽然家长都严令不许他们喝酒，但山高皇帝远，几个人的家长都是\n…\n\n\n查看全文"}
{"author": "义行天下7", "content": "幼儿园大班的儿子今天放学回来跟我说:爸爸，咱家啥时建楼房、买小车啊？我:等你大点该娶媳妇时就建新楼、买小车！对了，你怎么突然问这个问题？儿子挠了挠头脸红的说:我今天在学校里被我班女同学亲 了一 口，她家建的新 楼房，还买的新 小车，你看咱家住的还是平房，骑的还是电瓶 车，结婚怎么配得上人家？不是都讲究门当户对吗？我勒个去……"}
{"author": "小恩的老公8", "content": "上次母校教学楼要重建，学校发出邀请，让我们这些师生回学校捐款！我们班主任感慨良多，说她教了那么多年学生，就我们这班学生最调皮，也是成就最好的，班里出了五虎将，每人捐了一百万……又说到我，你是班长品学兼优，咋就混了这么惨？才捐了五百？我说老师啊，我这还是我媳妇特准的，不然还没有！我每月工资才几千都要上交啊……这下好了，我怕媳妇这事在班里出名了……"}
{"author": "山鹰寂寞飞", "content": "某市的一条街，我莫名其妙的开始了一段爱情，又很快莫名其妙的结束…点着一支白沙，烟雾缭绕中眯着迷茫的双眼，跟她告别：“风雨之后，无所谓拥有。”她眼含泪花：“萍水相逢，你却给我那么多！”我扬手告别：“多给的一百，去买件像样衣服，看你穿的太单薄了…”。事了拂衣去，深藏功与名…好久没有走过那条街，因为我不敢触*莫思念，对她我有太多的愧欠，一直没有机会说抱歉，那三百块，都是假*钱。如今已时过境迁沧海桑田，我已不是当初的少年，为了生计，我又来到这个市，磨豆腐兼卖茶叶旦。每日辛勤劳作，\n…\n\n\n查看全文"}
{"author": "哪吒混天绫", "content": "表弟从小生活在一个富足的家庭里，家里给弄了无数的家教，他烦透了，所以非常讨厌上学，高中毕业，说什么也不上学了，就在家里看漫画，打游戏，家里吵了无数次，不管用，也就不管了。为了看漫画，自学了日语，自称是专门去日本学习日语(？)，直到有一天，他带回家一个见人就鞠躬的妹子，说是他未来的老婆，全家沸腾了"}
{"author": "大小可爱爱爱", "content": "上班时快递小哥来送快递，嘴里喊到:谁是“斗 鸡 眼”？““斗 鸡 眼””的快递！一阵哈哈大笑，大家你看看我我看看你，这样保持了约两分钟左右！新来的一位女同事站了起来，脸红的说:我看下，好像是我的吧？她名字叫“窦吉言”……"}
{"author": "无书斋主", "content": "在我们老家，有一句谚语:酒醉英雄汉，饭胀痴浓包！……所以，如果几个哥们在一起喝酒，宁可醉，绝不服输！……昨天，老家来了几个堂兄堂弟一起喝酒，其中一个堂弟酒量不好，第三杯的时间，我给他到了一杯凉水……这货一口喝一下，酒杯一摔:哥，瞧不起我啊？他们喝酒你给我水？？！……我……"}
{"author": "摆地摊卖大叔", "content": "我已经做到老婆最高境界，手机不看行程不问，微信不查钱包不管，不发视频不查岗，你说在哪就在哪，你想什么时候回家就什么时候回家，你想要的样子都给你"}
{"author": "山鹰寂寞飞", "content": "那年那人那山第三十七章：委身仇人秀芬深夜回来，找了个离店较远的公用电话，颤抖着手拨通了张光凡的大哥大。　　滋滋滋一阵电信声音后，接通了，里面响着震耳的音乐和谁死了爹嚎丧一样的歌喉，张光凡正在KTV里k歌，他“喂…喂…喂”了几声：“哪位？怎么不说话?”　　话筒传来冰冷的一句：“我是秀芬！”　　张光凡愣了一下“秀芬？”，猛地捂住大哥大，跑到了KTV包厢外，瞅瞅左右无人，脸上浮起一丝阴笑道：“怎么想起给我打电话了？你爸治病的钱，花光了?”　　秀芬一字一顿道：“我怀孕了！”\n…\n\n\n查看全文"}
{"author": "出门太难", "content": "我有个侄子，小学念完就辍学了。十六岁时，嫂子天天催他找媳妇，侄子貌似也有些心动，被我制止了：他现在还是个孩子，找个比他小一点的姑娘，生个小小孩，到时候三个小孩闹腾起来，谁受得了？！嫂子想想有理，遂不提……如今，侄子已快奔三了，还没找到对象……每次见到他，我都得绕路！不为其他的，就因为嫂子天天说，当初侄子要娶的女孩现在是他婶婶——我老婆！！​"}
{"author": "无书斋主", "content": "吃完饭到小区广场溜崽，和儿子差不多大的一个女娃特喜欢要我抱！今天她奶奶和她妈带她，她一见我就伸出双手:抱，抱抱！……她奶奶:这妮子，她爸爸抱她她不要，一见你就要你抱！！……我:亲，她知道和谁亲！！……特么，我的意思是抱多了，亲近…可她奶奶看我的眼神明显不对了！！"}
{"author": "无书斋主", "content": "老婆早上给我煮了几个鸡蛋，我心血来潮在额头上一敲，剥开……对着老婆嘚瑟:看看，我有铜头功夫，厉害吧……敲到第三个的时间，特么是个生鸡蛋，糊了我一脸！！……"}
{"author": "无书斋主", "content": "中午从小巷子路过，头上突然淋了滴雨，心想谁家就开空调了？没热到这份上啊！……跟着又有雨下来，抬头……我靠，是一个五六岁的熊孩子在楼顶撒尿！！！"}
{"author": "吃了两碗又盛", "content": "回城，防疫卡口处停车等待，排到我了，我拿出手机准备扫描健康码，防疫人员说:你不用扫了，看你也不像外省回来的。虽然奇怪他是怎么看出来的，但我动作没停，说了声好嘞，驾着小电驴疾驰而去"}
{"author": "诸葛思慧", "content": "我就一屌丝，上辈子积德了和女神交往。怕她家人不同意，媳妇骗家人说交往一高富帅，略花心，对结婚没兴趣不见家长。我经常去找媳妇玩，媳妇演戏欺负我，父母问何人，媳妇答：备胎，老实人。半年后，媳妇又演一出被高富帅抛弃，伤心欲绝男人没好东西，父母安慰：别伤心，其实那备胎人蛮好的…然后本屌丝成功上位。"}
{"author": "叶vVv枫", "content": "前楼办公室的小高送来的资料有几处错误，我一边和女友微信聊天一边用铅笔标出来拍照发给他，让他改正一下重新做一份再送过来。不一会，小高敲门进来，说了一句“枫哥，资料做好了”便神色慌张的离开了。纳闷之际我翻开手机查看，这一看不得了……我了个去，原来我把本该发给女友的一个'宝贝过来我抱抱'的表情发给了小高……"}
{"author": "无书斋主", "content": "今天老婆的同学从福州来长沙，去机场接的时间，我开的一哥们的豪车！她同学（女）坐下来在挂挡处拿起一张小卡片，微笑着对我说：正哥，不该放的还是别放啊！！我正想说车不是我的时，她又来了句：唉，正哥，看你温文尔雅的样子，其实是个渣男！！……我……"}
{"author": "小恩的老公8", "content": "情人节，媳妇一大早就提醒我发红包给她，不给有我好看！我上班发现车坏了，索性打车吧，到了地方问女司机多少钱。女司机说：顺路，你给50块算了！我脑子一抽给她发了个520的红包……女司机看了看我，沉着脸说：大叔，你没人要我可有男朋友，你别来这一套！……"}
{"author": "无书斋主", "content": "五一聚餐，单位刚来的小伙子老敬我酒，我暗示他：敬头儿，他是主角……这小伙子可能喝多了，声音很大：正哥，你别骗我，他们都说在单位你说了算！！……特么，你这么大声干嘛？你不怕我怕！……"}
{"author": "叶vVv枫", "content": "周末和女友去别的区看朋友，回来的路上，经过一条小巷。一行醒目的logo映入眼帘——沁园春天里幼儿园。“北国风光，千里冰封，万里雪飘……数风流人物，还看今朝。孩子是祖国的未来，这寓意好，这名字起的棒极了!”我大发感慨。女友冲我直翻白眼“呆子，你看清楚再发感慨好么?”我回过神再一看。我去……润园春天里幼儿园。"}
{"author": "净心居士", "content": "糗友们，我用过来的人和你们说:结婚一定要挑一个好日子。为啥？因为你结婚后就没有好日子了[捂脸][捂脸][捂脸][捂脸][捂脸]明白啥意思的点赞走起[羞涩][羞涩][羞涩][羞涩][羞涩]"}
{"author": "义行天下7", "content": "那年秋天！在田地里种小麦，我大伯因为地边与人争吵了起来，很大声那种，那家人很凶，拿个铁锹，看样子想动 手，我挺身而出，冲到前面，怒吼:你们牛什么牛？今天我在这看你们谁敢动 我大伯一根头发试试？我让你们吃不了兜着走！刚说完，皮  股 后不知被谁狠狠 踹 了一脚，心想:特么的还下黑 手是不是，我才不怕呢！握紧拳头扭 头就要开 打，回头一看是大伯，大伯骂 到:你这熊 孩子不知道我是秃 子吗？还说敢动我一根头发试试！我看你是欠 揍！卧槽，把这事忘了！"}
{"author": "娇滴滴小猫咪", "content": "我们从“加油站附近不能用手机”一步跨到了“油费可以用手机支付”上"}
{"author": "轻轻羽", "content": "本来就脸盲症的我。最近不是要开学了吗？去学校加班整理材料，看到戴口罩的同事更加茫然了。我真不是孤傲不打招呼啊，一个个别瞪我！"}
{"author": "大小可爱爱爱", "content": "陪女朋友去买衣服！女朋友看上了一件高档风衣，要3000块，穿上试过来试过去，挺不错，但是价格也太贵了吧！必须制止她太败家了！我得想个办法让她赶紧离开这家店！于是，我趁着她转身走过去那会，着急忙慌的掏出口袋里的200块，抓手里，然后把女朋友悄悄拉一边说:我刚才在那个角落捡到了200块钱，快点走吧，别等下被人家发现了！女朋友:本来3000还嫌贵来着，这下好了，又少200块！赶紧买单吧！我……"}
{"author": "骑着二哈啃黄瓜", "content": "昨天花店新买了两个花瓶，中间接到到上司电话说过去吃饭下，俏丽马有饭吃不早点说，铁定不是好宴会。。。到的时候有点晚了，上司说要罚迟到的，我低头喝了认了，然后那些狗蹄子争先恐后都要跟我喝，我去车轮战是吧，，，我挑选了个叫唤声最汪的，掏出两花瓶，倒了8小瓶小白进去，一手拎一杯，来，敬你一杯，深吸一口气，不带喘的闷进去(就怕喘了就喷出来)。。。。这些狗蹄子全傻眼了。。。"}
{"author": "医然为你", "content": "今天去急诊会诊，顺便帮助急诊科医生处理一个前臂外伤的，缝合的时候我抬头看了看值班护士，，跟他说:我前年出急诊咋没看到你，你新来的啊？护士:哥！你出急诊我知道，你是外科医生，我跟你对过好多班呢！咋滴我丑记不住啊？我:……"}
{"author": "正版煮茶", "content": "上个月我小舅子要出差，老婆她不放心她妈妈老人家，叫人在她娘家的厨房，客厅都装了监 控。今天我接到丈母娘的电话，她叫我把厨房的监 控撤了。我说为什么要撤？丈母娘：这个月我一做好吃的，她就来看我，我一做好吃的，她就来看我..."}
{"author": "圆圈儿y", "content": "同事生了娃，我问：郑哥，你儿子叫什么名字？他说：郑再起 我说：是东山再起的那个再起吗？他说：是正在起名字，还没起好 [捂脸][捂脸]"}
{"author": "无书斋主", "content": "老婆喜欢吃鱼煮豆腐，但买菜的时间，没白豆腐了，没办法就买了鸡蛋豆腐！！……汤做出来味道还不错，但实在不好看！！……就在我吃的津津有味时，隔壁刘大娘过来串门，问鱼汤怎么煮成这样，老婆回她说宝宝拉稀，泼了点进去……好吧，刘大娘到处宣传，小区的人见我就问味道怎么样！！！……"}
{"author": "空城旧梦她与伞", "content": "以前在工厂上班时候的事，那天是五一，一大早同宿舍一个同事，说他女朋友过来了，约好在公园门口见面，邀请我一起去玩。我连忙摇头：我才不做灯泡嘞。同事嘿嘿一笑：你考虑清楚啊，我女朋友可是带了一个美女过来哟，还是个大美女。这个好！我立马答应，迅速爬起床，麻溜的梳洗一番。等到了公园门口，发现除了他女朋友之外，还有一个女的，他女朋友的妈妈，美不美先不说，确实年纪挺大的！！"}
{"author": "星空下的传说。", "content": "记得老婆第一次去我家，我妈和我姐都在，我还没说话，女朋友上前就对着我姐喊:“阿姨好，阿姨真年轻！”对着我妈:“奶奶好，奶奶真年轻！”对着我:“你不是说姐姐也在家吗？在哪儿呢？！”我姐举手弱弱地说:“我替她签个到！”后来这货竟然成了我老婆！"}
{"author": "吃了两碗又盛", "content": "媳妇问儿子网课怎么样，儿子说太难了，比在学校上课差多了，我适时发言:我感觉学的挺好啊，课后作业不是都会做吗？儿子:不是说那个，我上课的时候你一会吃芒果一会嚼薯片，我还得专心上课，这太难了！臭小子竟然用一句话打他老子脸？"}
{"author": "飞漠刀影!!", "content": "帮老爸挪柜子，在最底层翻出我高中女同学送我的一盒千纸鹤！记得高考完她问起，我如实回答说不见了，她就再没理我了…我问老爸，以前你们不是说不知道这东西吗？老爸挠着脑袋说：“那年你妈说你是鹰，是要展翅翱翔的，不能让儿女情长捆住了翅膀，就把这盒子藏起来了。”我，，，，，，，"}
{"author": "-小门神~", "content": "我有一个女徒弟，真的很淘气！下班走路上，她在后头喊我，我没搭理！她气鼓鼓地跳上我后背，一百五十斤都快压垮了我！她一边哼着歌，一边催着快点走！我只能艰难地背着她，一步步前行！她突然问:小师父，能背着我这么可爱的小仙女，你是走了什么运啊？我气喘吁吁答道:背着你个大猪走着，当然是走了“背运”啊，太背了…[哀怨]"}
{"author": "夏有凉风秋望月", "content": "母亲节当天，恰好是我的公休日，我早早的起床，做好了早点，然后写一张纸条，上面留言：亲爱的妈妈您辛苦了！这里有两张嘉年华的门票，你和爸爸一起开心开心吧！我也找闺蜜逛街去了！直到晚上回到家，看见老妈一脸的不高兴，我忙问道，妈，您和爸爸怎么没去玩啊？是不是老爸惹您生气了！老妈：你这个 死 丫头，让我俩出去玩，票呢？电话也没人接，你是诚心的是吧！我一摸口袋，果然门票还好好的躺在我的口袋里……哎呀，瞧我这个忘事的脑袋！"}
{"author": "狐小乔", "content": "母亲希望我再生个闺女，冬天有个小棉袄暖身。我去问儿子，他不做声。打烂他的存钱罐，拉着我的手去商场给我买了件2000多的羽绒服。回来给我穿上，问我暖和不？我觉得棒极了，好看又舒服还暖和，贼喜欢😍然后儿子说，有了它以后都不会冷了，小棉袄的事就不要再提……"}
{"author": "姐姐掉沟里了", "content": "表哥每次打电话给我，开场白都是那一句：表妹，我又失恋了！雷都打不动。所以看到是他打的电话，不等他开口，我就抱怨了他一顿：表哥，你可长点心吧！你说你都多大岁数了，咋还像个小破孩一样，天天网，恋，天天失恋！你就不能收收心，在现实中找一个，成个家，好好过日子吗？表哥被我骂得一愣一愣的，好半天才说：我本来是想告诉你，打算在年底结婚的。我高兴极了，忙问他女方的情况。表哥说：这个人你也认识，我前女友！好吧，你帅你说了算！表哥沉默了一会，又说：她嫁人了！新郎不是我！！得！还是老样子：又失恋了！！！\n…\n\n\n查看全文"}
{"author": "大设狼", "content": "高一那年本人也不算学渣，走读生，感冒穿的薄鼻涕一直流一直吸，数学老师也是个刚毕业的二货，粉笔一甩：哪个瓜娃子在老子课上吃泡面，老子一节课45分钟都要上完了一桶面都还没吃完，豆是这一坨坨，你几个，说着朝我这边走过来，刚好我前面那个学渣呲溜一下也吸了鼻涕，数学老师一耳光抽过去，鼻涕打飞到左边好几个人的脸上衣服上，课堂顿时安静了三秒钟！我当时也没忍住鼻涕泡都笑吹出碗那么大，关键还没爆炸，数学老师没看清楚一耳屎给我抽过来：狗日地你胆子更大，当到老子的面吃泡泡糖！当然沾了一手的鼻涕，甩了几下又甩了那几个一\n…\n\n\n查看全文"}
{"author": "绦子", "content": "由于我们吃的所有食物都是从太阳获得能量，所以你吃得越多，就等于你消耗的太阳能也就越多。也所以，你不是胖子，你是一大朵阳光！…～"}
{"author": "南九", "content": "昨天晚上。咯咯咯……小周在单位群里说手里掉地上了，钢化膜摔裂了。大家开始讨论钢化膜的作用和防护性能。出于关心，我说:小周，你截个屏，我看看摔的严重不！今天早上，办公室的每个人都给我买了一箱六个核桃......"}
{"author": "山鹰寂寞飞", "content": "那年那人那山第三十四章：即将生离秀良吃完饭，身无分文，无处可去，低眉耷眼的坐在病床边，如坐针毡左右扭动，一会调换坐姿，一会起身到窗户外眺望，跑野了的生活让他完全无法安定下来。　　秀芬几次想和父亲商量自己出去打工，让秀良照料他一阵子，看见秀良那样，总归不放心也不敢说出口。　　对于楚建国来说，秀良毕竟是自己亲生儿子，再不争气，现在也守在了身边，每个病重的人都有希望别人守候照顾的心理，他生气一阵后，竟莫名的高兴起来。　　适逢食堂阿姨来病房各个床位征订记录中午的菜肴，楚建国道：“今天我们\n…\n\n\n查看全文"}
{"author": "出门太难", "content": "第一次去前女友家，是一路问着去的。应声来开门的大婶看着我，警惕的问：你找谁？我说找XXX。大婶说：你弄错了！我们家没有这个人！我用肩膀抵住门，不让大婶关上。掏出手机，翻出短信给她看：你看看，这是她发给我的地址！大婶说：你要找的是南门街159号！这里是北门！是北门！我退后一步，看看门牌号，臊得满脸通红。特么的！我不但把方位弄反了，门牌号也记颠倒了！！大婶呯的一声砸上门，声音从门里传来：没天理啊！这种傻子也能找到女朋友！！！​我。。。​"}
{"author": "夏有凉风秋望月", "content": "自从老爸老妈见了男网友以后，就一个劲儿夸他帅，又懂礼数，虽然家境一般，但是对我这么好，跟我说，要不就这个吧！找了那么多，也就这个不嫌弃你！本来我也是这样想的，可谁知道，男网友今天就跟我说，咱俩不合适！我说为啥啊？你不是就喜欢我吃饭的样子吗？男网友说，可是你给我的是惊吓啊！一盆红烧猪蹄，一盆毛血旺，再加一只鸡再搭上两个馒头，都让你一人吃了，就给我留了一口菜汤儿！"}
{"author": "骑着二哈啃黄瓜", "content": "碰见十年前大学营销老师，我记得十年前他激情有梦想，而现在夹着一个公文包，步履蹒跚，我不禁感伤。。。风生水起，西装革履，这货却松开他polo 衫的脖子边纽扣，大大咧咧说:这酒是不能再喝了，昨天和老朋友喝多把腿都碰伤了，哎呦疼，喝多了我把路虎不知道停哪里了，，，，听到他这么说，我只好掏出了保时捷钥匙放桌子上了。。。钥匙我还是买的起的。。。"}
{"author": "-小门神~", "content": "和女友吃烤鱼，我拿她面前一张纸巾。不料纸巾掉在了鱼盆里，盖住了鱼眼！跟我面对面的女友，指着烤鱼笑着对我说:盖张纸吃它，什么情况？你是怕鱼记住你长相，回头找你报仇吗[笑哭]"}
{"author": "空城旧梦她与伞", "content": "媳妇的一个堂弟，我那堂小舅子，开了一个画室，人长得细皮嫩肉，偏偏又喜欢留着不长不短的头发。相亲了好几次，都被女孩嫌弃有点娘，他伤心失落，就来到我这里散散心。媳妇上班，我陪他去风景区的时候，看到有个道士在摆摊算卦，他就走过去求个姻缘。老道士瞅了瞅他，又瞅了瞅我，十分肯定的语气说道：小姑娘，你这姻缘，不用到处求啦，远在天边近在眼前！小舅子哇的一声哭出来……"}
{"author": "山鹰寂寞飞", "content": "那年那人那山第十四章：取保候审林子一愣，正在奇怪怎么回事，一个警察已经连跨几排座椅奔跑过来，一把薅住他的头发，把他扯的咕咚跪倒，蜂拥而上的其他刑警利索的反剪住他的双手往上猛抬摁倒在地，林子顿时呈狗抢屎状不能动了。　　头上一疼，林子又被薅起头发脸朝上，发现两个黑洞洞的枪口一齐指向了自己的头：“老实点！”　　他惊的眼若铜铃说不出话来，领队蹲下用手托起他的下巴，拿出一张照身份证时放大的照片比对了一下，收起照片挥了一下大手：“铐起来！就是他。”　　乘警过来驱散了紧张围观的人群，咔嚓一声，\n…\n\n\n查看全文"}
{"author": "半截烟云", "content": "儿子把水弄洒在电脑上，我作势要打他，他马上跑去搬救兵，还跟老婆告我的状，说我光玩游戏不管他就算了，还打他。没等我解释，老婆开口了:你一天除了打游戏，做饭洗碗，还能做点什么呢，看个孩子也看不住，对了，儿子作业辅导完了吗？“没有”，儿子抢先说道。然后，儿子被 训 得灰 头 灰脸回房间写作 业去了，而我呢，说多了都是泪，锻 炼 去啦……"}
{"author": "无书斋主", "content": "昨天周五，按惯例我投稿的刊物要评优了，我自我感觉还不错！！就在我内心无比忐忑时，一起经常投稿的笔友告诉我，我拿优了！！一高兴，在群里发了两百红包！…就在大家各种恭贺，我还谦虚的说意外意外时，结果出来了，我名落孙山外！！……唉，这人丢的，匿吧，死匿！！……"}
{"author": "芭蕉窗下听雨声", "content": "朋友打语音说：你说你以前多厉害的一个人，现在除了喝酒，挖野菜，遛狗啥都不干了？我乖乖的说：我厌倦了成人的勾心斗角，喜欢研究植物和动物了。谁知他说：我是高级动物，你研究下......[笑哭][笑哭]"}
{"author": "骑着二哈啃黄瓜", "content": "办公室新招了一批实习生7，8个人，同一个学校的，其他还好，不知道是私底下有共识还是商量过，就是只要教育其中一个，就全 体 怠 工，或者有 情 绪，现在又是农忙季节。。。头疼。这显然不是育人用人的目的​，我寻思了半天，这也太米臭了吧，慈 不长 冰啊，迫于无奈，开始一个个单独正式约谈同一段话:你是我们看中的人，你是唯一实习完最有可能转正的，我们这里一转正打底5k起，好好工作，不要和同 学谈这个事，不然别人会眼红你，不是啥好事，成大事者嘴必.严.密，以后工作上有想不明白的可以直接问我，\n…\n\n\n查看全文"}
{"author": "雪里黄蓝绿", "content": "自从孩子们上网课后，楼上的刘大妈每天发信息给我，问三年级的作业。我都仔细回复她。这两天我们小区解封，在楼下碰见她，打招呼我想起来她儿子还没结婚，就问她，大妈，您带的谁的小孩呀？刘大妈摆着手说:“什么小孩!是我家老头子说无聊，快憋疯了，我才让他上网课打发时间的，对了，一会你还是把作业发给我哈，死老头子上网课还上瘾了!”[笑哭]"}
{"author": "大小可爱爱爱", "content": "自己开了一家小便利店，这天外面突然乌云密布，没一会下起了大雨，在店里看到一位长发飘飘、着短裙装的美女飞快的跑到店门口的铁皮蓬底下避雨，一直下个不停，想着美女站的也挺累的，于是我热情的拿个凳子出来给美女坐，想不到的是美女狠狠地瞪了我一眼，骂我:别想好 事了！然后冒着倾盆大雨飞似的跑出去了！"}
{"author": "义行天下7", "content": "浙 、江一同事小张从老家过来专门给我带了童.子 . 蛋！(就是煮好的 鸡 蛋)说是有滋 阴降火，强身健体之作用！一口气吃了好几个，味道别提有多鲜美了，意犹未尽，回味无穷，吃完还想吃！于是就找同事小张问还有没？小张很客气的说:好办，好办，过几天吧，我让你吃个够！好哥们真守信用，没几天，小张又提来一兜童 子.蛋，我迫不及待的一口气吃了两个，发现味道居然不对，问道:这次怎么没有上次那个好吃呢？小张:这次稍微改良一下，是我用自己的 “尿” 专门加 工的，所以有那么一点点口 感 不一样！卧槽，恶\n…\n\n\n查看全文"}
{"author": "欢乐马桶", "content": "在大概10年前，我在读大学，那时候天天刷糗百，类似现在的抖音，那时候好多糗事都是描述的上学时候的事。现在打开来发现，都是上班工作的事，带娃的事，相亲的事，不是我们变了，恰恰相反，当初玩糗事百科的那帮孩子长大了"}
{"author": "小恩的老公8", "content": "邻居小王结婚没多久他媳妇就经常吵闹！原来小王总说是加夜班，其实就是和朋友去喝酒喝到天亮……最后还是我向小王支招，这新媳妇就该弄个下马威，不能纵容，就该揍，揍到服了！小王一听有理，回去就找他媳妇理论，被他媳妇狠狠揍了一顿……过了几天，小王对我说：哥，你这方法真牛！媳妇把我治服了，媳妇还说以后不能和你这种人来往，拜拜……"}
{"author": "我是谁∽谁是我", "content": "早上见小刘在早餐店吃早饭，他可是刚结婚一礼拜，怎么一个出来吃早饭？　　我就问他：“咦，小刘怎么一个人出来吃饭，你的新婚媳妇呢？小刘：别提我那可怜的媳妇了!我都快两个多月没见到它她了我：哦，怎么会?是不是出什么事了？小刘：唉!先是大姨子二胎，借她去服侍一个月，现在是小舅子媳妇也要坐月子，因为媳妇服侍大姨子太好，丈母娘直接不让她回来了。还好我姨子舅子都没有二胎想法。。"}
{"author": "山鹰寂寞飞", "content": "第二章：穷途末路饥肠漉漉的林子，开始为午饭发愁，经历了一场偷瓜的闹剧后，他再也不敢去地里偷了，事实上山里人种点瓜不容易，都搭有瓜棚在守着，即便想偷，恐怕也不好得手。　　“讨饭”！林子脑海中突然蹦出来这两个字，他自己也吓了一跳。　　自己家庭条件不差，谈不上富裕，但绝对的吃喝不愁，又是老师眼中德智体全面发展的好学生，难道凭着自己的一双手，连口饭都混不着吃？怎么会想着去讨饭?　　林子转瞬打消了这个念头，开始思索能不能找个工作，先把温饱解决掉。　　但现实是残酷的，放眼望去，全是高高低\n…\n\n\n查看全文"}
{"author": "无书斋主", "content": "下班回家，住一楼的陈大爷跑过来对我说:正子下班了啊？今晚到我家吃饭，我买了好多小龙虾，半个小时下来吃啊……回家我对老婆说:一楼的陈大爷叫吃小龙虾，别做饭了！……四十分钟下去，陈大爷在洗碗，看见我很热情:正子下来玩啊，等下，我洗完碗给你泡茶！……特么，忘了陈大爷有健忘症！！……"}
